player_id,name,team,position,points_per_game,rebounds_per_game,assists_per_game,fg_percentage,three_point_percentage,performance_description,age,years_experience
25d72506-9a7e-4c0c-94cc-73df8e696873,Lee Owen Jr.,Celtics,PG,19.275820024256404,11.426636379358243,10.032916324860981,0.5449883478066566,0.44498867616213966,Star Player,26,7
73d7855f-596a-4af9-9f84-87c8e14eaad6,Elizabeth Lewis,Warriors,PG,34.62930180083846,13.487640919732101,12.401971349201496,0.6486529276944899,0.548606686479334,Star Player,36,2
4c373c7b-8812-4bd7-8afc-4c9d7b4de341,Megan Morales,Mavericks,PF,7.853221492371351,3.035057860291072,4.843274027782191,0.503939604749915,0.43048117380850887,Emerging Talent,21,6
859ad36b-e4e4-4823-8849-077cd42ad98b,Mary Vang,Bulls,C,0.0,6.856825929158607,0.9163510969420847,0.4105481565416374,0.28070262872360974,Star Player,36,6
5ef409da-3364-45d2-a349-443af24b86a3,Patrick Shelton,Raptors,PF,10.110785703297504,0.8251056451071781,3.5738651385906133,0.4335489537491057,0.3397278525516162,Emerging Talent,37,8
6b1b3751-7c72-46a6-8d88-96ec3e8c3316,Patty Owens,Lakers,SG,18.24432480025072,3.950975264639214,0.4777516931706116,0.4562802370191241,0.31541246577763987,Star Player,29,8
5fa69d87-9dc8-4270-9f20-4176b075887b,Heather Griffin,Warriors,SG,7.2902853306486755,4.0597598283284855,6.229176851757269,0.5356556911003837,0.42431372512427495,Veteran Leader,29,3
5bcfc48b-4191-495a-8dec-84396df27e3b,Paul Dixon,Celtics,PF,12.337998698171152,1.9861926169565156,3.0977184536576203,0.4792223963419802,0.4095776162855542,Emerging Talent,30,19
715e2238-48a3-4267-88cd-9ec77c44eb42,Mary Lewis,Rockets,PG,9.620982118870945,9.690343356026691,5.604308597441213,0.520823388950727,0.44659535473366346,Star Player,36,3
52ba2638-72f8-44cb-b93c-5618556121cd,Cody Shaw,Heat,PG,29.966395820540505,9.63734504281184,8.505573338281375,0.6097252208776663,0.5226108547920423,Solid Performer,39,19
6ea9f167-b6a4-43e4-bd0f-3cfdbb0ddc65,Jennifer Turner,Spurs,C,9.279962738228015,1.2851238887554657,0.6908898004574986,0.468333092663355,0.37920737678688743,Emerging Talent,21,1
abf25b6d-ef14-48d0-a79b-56dd36816247,Latoya Robbins,Bulls,SF,19.29756327365678,7.7248574672412325,3.421720004468416,0.5000268999521349,0.423559719171286,Veteran Leader,26,3
976f28f7-a7c7-4685-8bca-a0e9e700e2dd,Heather Miller,Heat,SF,22.464957887970513,0.0,6.500500852310641,0.4981583374537683,0.3904372490796875,Solid Performer,30,5
bbc6bcfa-6171-4b35-9ec0-42b2c404f705,Joseph Brock,Spurs,SF,5.97976319235056,6.7997882191649754,6.081268249165502,0.5387339585483806,0.39881067328807723,Emerging Talent,27,20
0eadd4c2-10a1-417e-93fb-ba243bdc34c8,Ruben Gallagher,Celtics,C,4.4062787531454415,5.703738338640284,2.4235278077466185,0.40855543563534047,0.32941598837294833,Star Player,36,7
08b8710f-37a3-47c4-930d-da8b78876c8e,Laura Russell,Warriors,PF,20.81400044614485,5.379228465108145,4.732985904196625,0.5018655918721608,0.3804374559721616,Solid Performer,39,17
b88998d7-762e-49c2-bbeb-c0a2534ba568,Angela Cook,Bulls,SF,19.26647913154521,8.495941755250264,5.715306841508011,0.5013046128654494,0.4211991212511504,Role Player,20,7
05a35a8f-ebdc-4a2c-9793-b8c5715e1a7c,Felicia Cooper,Lakers,SF,7.56146848862421,4.802570282368125,4.437243647521998,0.5034522663715337,0.36922010460395976,Solid Performer,21,6
e2437a86-f615-4f85-85fa-9d94b1b32aa6,Teresa Rodriguez,Mavericks,SF,17.20327432839681,2.531438307716697,5.977173811992624,0.526959643271097,0.47501988132198214,Emerging Talent,34,12
a0817c9e-3883-4f3d-8c11-e9284e7665aa,Terry Jensen,Cavaliers,SG,14.584127063856837,5.934059866978657,1.8932000656364458,0.5036203598121882,0.3958025641756232,Emerging Talent,26,17
6f25819e-e485-4ea6-9106-c64906c53311,Brenda Schaefer,Raptors,SF,18.363382196456776,15.163542668023533,5.360425662587626,0.5908403365803101,0.5229123072205043,Star Player,32,18
998561e8-af28-40ad-a6fa-5488b5dc7da3,Christopher Hayden,Heat,SF,2.263148100679256,2.346272469609482,0.030903391244847978,0.36993309886560855,0.30231762698305165,Emerging Talent,23,16
d8e98ad6-b504-483d-9424-6ccef866ae79,Henry Anderson,Cavaliers,PG,6.744925015914861,0.0,3.85065395513066,0.3781045627806648,0.287328398303276,Star Player,22,4
2eedd7ac-e838-464c-902d-d7c3ea489309,Tonya Preston,Warriors,PF,16.980850591526924,11.749965890660736,10.868354378043536,0.5492020570457424,0.48504439890761303,Solid Performer,31,12
6c3071da-a7e5-4f24-bc6f-dd838a0b5d48,Malik Gibson,Mavericks,PF,21.507942301370786,4.5885618386078715,3.3986179508251415,0.5364271107371803,0.431927972889506,Solid Performer,36,0
e0863cef-17a2-4e75-b1e0-cdaf0668e614,Pamela Torres DVM,Celtics,C,19.23716955094364,6.212390086993911,6.466478795705513,0.5309107345005613,0.41076225667406024,Star Player,39,10
a9ea845c-33a4-459b-b9aa-8eb00b2d49f5,John Edwards,Celtics,SF,36.0269097160065,12.754962064115837,13.776205261846686,0.6670838177099293,0.6023191431893247,Solid Performer,33,0
3cf39b26-fca9-4798-91c3-0d94c9a4172a,Thomas Escobar,Rockets,C,22.482544198315487,15.683106282769984,10.459944169902613,0.6323007611006302,0.5537954175538193,Star Player,35,3
b87edcb7-9434-4583-97fc-8a34cc137e73,Ashley Anderson,Rockets,C,8.777438018183847,3.104516131109077,2.3868269660576416,0.4739191542114309,0.3822842278960458,Star Player,23,11
e55cd176-fdaf-40c4-9b04-58e3bc739892,Angelica Wilkins,Warriors,C,21.90282423848031,8.422459672283816,9.01383135163471,0.5223759432682428,0.48207246326479425,Veteran Leader,35,0
0fb96b33-929c-4e74-a003-f7a0aa6f7da0,Rachel Lloyd,Mavericks,SF,16.970885695568647,6.915659244641693,8.467614221546395,0.5580974790699836,0.4768467446583425,Solid Performer,22,11
f6dd4087-a6c7-4cea-8a96-ad76979fe1a3,Ashley Parker,Rockets,SG,19.368231682451082,6.825806968662509,3.86325604892245,0.5383934634160141,0.4644517383438239,Emerging Talent,37,2
8b91e21f-c0bc-4caf-a770-5aea700098d6,Michael Evans,Celtics,PF,10.912243547742099,8.590011498204566,6.62700973597849,0.5037322256889978,0.4244838765319309,Role Player,36,4
e36c44db-fd23-4a34-a511-373beb381fa8,Justin Nelson,Warriors,PF,9.867235695306883,8.36440567327485,6.354403926520468,0.5274818967081055,0.4268969128852981,Veteran Leader,24,8
c98502fd-3b47-486a-80ba-6d302c7af08a,Crystal Davidson,Raptors,C,0.0,1.6567589618405236,0.5168944299960536,0.3725340169304119,0.33928769301738526,Solid Performer,25,17
2209efff-5792-4fea-9107-229e03881058,Jamie Johnson,Bulls,SF,26.386733307834664,12.716457843945442,8.586344545384264,0.5507836661765098,0.47226843547918207,Solid Performer,40,20
517a3815-af98-4801-8b66-fd7af7ea295c,Tammy Pennington,Spurs,PF,6.087654820924238,1.6797832838248308,2.0724474206223578,0.46901064987971297,0.28537217469440784,Role Player,33,3
cf00a3a5-7633-4e25-8cc1-2c533b2b2a47,Paul Henry,Bulls,SG,13.799022547796877,9.015505354504267,9.922941955432785,0.5699116194193605,0.44707112347886524,Emerging Talent,19,18
6b3a5e01-9ea9-453a-aa35-765f3ef7abbe,Mark Riley,Raptors,SG,11.244951652073699,1.2323815585487488,2.5717023421240772,0.42938106587207947,0.3154376221218868,Solid Performer,19,2
4d2293a9-5fa7-4e38-a19c-250f0ab1322c,Regina Nash,Lakers,SG,39.60903600484331,11.644292686653806,13.948684986840158,0.7011586796371649,0.631443075628457,Emerging Talent,20,10
1de489df-74ec-4ef5-b003-d97eaeea62de,David Keith,Celtics,C,6.5011104083385,4.552358144777868,3.56142743460944,0.3967419980156144,0.31405790143991097,Emerging Talent,40,15
01bf420f-556b-423a-abf9-90990f58b2df,Jennifer Dyer,Bulls,C,6.983900725521879,9.92163616503851,3.9101821772780867,0.4272877897972035,0.37086270782499986,Emerging Talent,37,18
cc72403d-ff26-424f-8c65-631d66a0be12,Rachel Maldonado,Cavaliers,SG,41.38388827288206,13.052671087201125,12.52015664231803,0.7375538426849959,0.5980622303888877,Star Player,32,6
7657b9d3-33a9-434d-a92d-ace4e1892540,Michael Pittman,Celtics,PG,23.311364548608967,6.4383057259968925,6.656227000461314,0.4795565960132414,0.423894189987937,Star Player,30,13
bbb85c68-da8a-4b29-a793-2a738b4f962a,Karen Barker,Heat,PF,6.23540257624415,10.634393154829105,1.1294446385060934,0.4659422951267443,0.37735799640640577,Role Player,20,20
14e0d066-6069-4ede-a8d3-04c4096b655b,Andrea Cooley,Celtics,PG,22.23342213476396,17.695857701795457,10.785559278303637,0.6244971558856526,0.5533693983918769,Solid Performer,29,3
f0673ce1-2527-4ea9-9bad-ac0ff7230a3a,Eric Miller,Bulls,SG,13.989512569940727,8.204704732837406,5.02561158857036,0.5221763164623721,0.43314858304776793,Emerging Talent,33,4
8cf2ead8-aafe-4791-88bd-64dd5777ab15,Matthew Greene,Heat,SG,24.671090667319277,21.32918420469556,7.439891665536404,0.6555659797138236,0.5703680257442267,Emerging Talent,26,2
cb23988c-fc59-48b2-a06f-e21a7963b4ae,Craig Leach,Cavaliers,C,14.696421078247358,7.780592587603338,5.137965601622465,0.516311891634619,0.4450912287139237,Emerging Talent,39,17
0909e1a6-00d0-4665-aa63-191d9a501211,Melvin Ingram,Lakers,PG,15.105606883347203,11.483877056124989,7.042660985613408,0.5519587909732839,0.448294125434977,Veteran Leader,26,5
32ed3f6e-acad-4e48-a783-b7b11aba23bb,Christina Thomas,Heat,PF,3.909144689794431,5.096905760759425,2.904760487178641,0.4166824670285098,0.3194470465739684,Solid Performer,31,1
4264cbc3-954d-4975-a3ba-65cc27d7c1e0,Maxwell Nunez,Warriors,PF,24.8187920137051,15.029616622452238,9.70627427828591,0.6234128655142981,0.5497420266185863,Emerging Talent,31,8
cd45c353-afff-4225-869f-0277145ebebb,Mathew Walker,Cavaliers,SF,27.32171166988349,15.043518166403135,8.343673079217638,0.5961806943247023,0.47633629976693387,Solid Performer,36,15
83532950-1baa-41c2-a6e7-36b6585e4b49,Benjamin Gonzales,Warriors,SG,17.590948253045998,8.911819657420367,7.4869794608275955,0.5160522215841747,0.4742643807625534,Emerging Talent,20,18
a8ed5f88-a387-4286-b99f-83571cb3c961,Linda Morris,Raptors,PG,0.0,5.444245713001693,2.5592558619270633,0.4118806581910729,0.3119651720353154,Star Player,20,1
63ba5112-fe38-4d0b-a31e-0efcd138167b,David Diaz,Mavericks,PF,10.391260414101696,7.1661798103466054,3.5966894855881177,0.5182777173836636,0.39583417508526575,Solid Performer,35,5
b6bcb4d3-eefa-4fab-a87e-4bd319c692c5,Brittany Wang,Lakers,C,5.1380988238099174,4.111308378864315,0.5705621072220044,0.4010058724094202,0.32232402455058706,Emerging Talent,24,2
90de2406-dd63-474c-90c0-7443b3b4ed63,Charles Parrish,Mavericks,PG,14.914949834231578,6.811717938688646,6.443966159150164,0.4955349702809258,0.39634738162334116,Star Player,26,12
820e56ae-24c4-4029-9e70-f0d1af61c55e,Amber Ortiz,Celtics,C,6.748322028916403,4.340501590531834,5.07693554888936,0.4453087703387968,0.3249568072754878,Emerging Talent,38,1
53861a93-0fe3-418e-92db-b66c3c996719,Timothy Richardson,Mavericks,PG,9.797191097784067,6.849379552509386,4.346617890548968,0.504552750416493,0.3815537603386846,Solid Performer,37,18
5a26c2a2-3d2b-4b15-9780-63eecf865771,Jacob Lopez,Raptors,SF,27.857159707424614,9.270452125835288,7.880809501162572,0.5657375312583395,0.4439102419864005,Veteran Leader,25,10
0d0ecac8-a312-4c2b-8fa5-0732079873cc,Anthony Williams II,Bulls,SF,17.303886822013144,8.41349070469858,4.350350359530735,0.5228994516662205,0.43236921400595063,Solid Performer,40,20
224be2e8-318b-448f-952a-3f941a1fc129,Tammy Chandler,Rockets,PF,34.30779020837645,20.715265411509876,9.269879305404068,0.6625607735139177,0.5487812008942712,Solid Performer,21,0
075152d1-4923-49ae-9977-451f6a1c3ad2,Wendy Holland,Cavaliers,C,32.85653790540097,15.429849139546032,12.560426441982646,0.6765023788355711,0.608465192888152,Veteran Leader,22,2
9eb27fc7-e1f8-4a79-ad2e-6fcbadb9470f,Megan Vance,Raptors,SG,8.160642316844058,4.229604619562989,5.715811032216981,0.4430952106083512,0.3125486607313821,Solid Performer,23,11
25f01d75-1e46-4ae8-a9ca-a9fe87064434,Dale Brown,Celtics,SG,8.475449144048948,0.0,5.069258846315275,0.4337473352795899,0.3007750198230701,Solid Performer,24,14
ffc15e26-005c-42f3-abf4-16e050de740e,Jason Howard,Raptors,SF,4.638016579918286,0.0,0.6230945075834136,0.29679799391502487,0.21669904663183676,Star Player,39,16
33d2d5af-cb62-4c7f-85a9-5a60b7f298cf,Lauren Thomas,Lakers,C,15.287339966005543,5.676022084153185,6.26667466356773,0.47917196138416646,0.3976767802713924,Emerging Talent,40,3
13776a04-7046-4842-921d-f67522366df4,Diane Baker,Warriors,SF,18.775150487412734,9.736322792826165,3.231898343171857,0.48134727975647745,0.43758309960916003,Emerging Talent,22,17
95f96e2b-dcbc-4a32-a581-bc5e755ea448,Nancy Griffin,Warriors,SF,14.58070743701315,13.315025986465526,6.560605316504084,0.5568173448792357,0.4345817708261613,Emerging Talent,25,10
db321a05-b6b3-4ff6-a688-b6be84f9e8ec,Jason Young,Bulls,SF,44.38418346103589,16.556847178972717,15.186133601436659,0.7189823114799017,0.6334474236388457,Solid Performer,27,1
c5512c5c-b6cd-4729-a093-5cbcbcfd0d8e,Sherry Heath,Celtics,PF,8.781022694191151,5.35065615764824,0.0,0.37984248368867407,0.2627230103867875,Role Player,20,0
5eb824c9-ad6e-4d54-acd0-7ca34c8517dd,Jason Wallace,Spurs,SG,15.893642934534233,10.160036984065297,4.070562223061319,0.5056316274669701,0.34545728739124637,Star Player,27,5
a563231d-db7a-4473-949e-6a012be0cdc1,Sophia Rose,Cavaliers,C,0.0,0.0,0.0,0.288312914063687,0.22787935527422876,Star Player,36,0
57a92c3c-1f41-443a-8118-69b6fbb5ee19,Deanna Miller,Celtics,PG,5.3036677391016624,1.5774472357662788,0.0,0.3592757116027808,0.24836877951173564,Veteran Leader,23,17
42e8c546-4149-4a0d-bd7e-1c138f6f28b1,Connie Cox,Lakers,SF,19.148920629774473,3.7294263746275096,5.757376641943001,0.48312693790523403,0.37787463362743595,Solid Performer,23,13
14290c54-5da4-4ea3-b7dd-1af1e4c34c8f,Joel Austin,Warriors,PG,8.75348478835755,4.803900284185665,2.176122775004072,0.5285914666628719,0.39000223504397874,Solid Performer,20,11
f47a1275-862c-4d28-a2c1-204ef5129c14,Jessica Thomas,Bulls,SG,9.072644473745253,3.1643883109645823,1.759158768963212,0.44231078320160994,0.3451776034016875,Star Player,30,17
dd8bfd68-d007-4a46-b441-ed7741492931,Jacob Martin,Heat,C,6.815897320671326,3.5223391704924305,0.0,0.4166460639949762,0.37428737058783773,Star Player,26,5
ff2ff316-412b-44c0-a159-2ae6dc260077,Maria Small,Warriors,PF,30.204496937230946,16.95450945667372,12.202371163092206,0.7260743875192331,0.5868882695788199,Emerging Talent,29,13
af06d579-d305-4e10-87e0-bf855a819b79,Jeremy Elliott,Bulls,SF,8.943121882190207,1.5410730818234497,4.8952569058113795,0.47208122594623725,0.3587631666599698,Emerging Talent,22,12
7c0d893b-eb17-4040-8e41-86843ca13648,Matthew Miller,Lakers,PF,3.1265311395027595,8.828560484005063,4.176987976928794,0.435183258749415,0.36494159435354784,Emerging Talent,33,11
28240e48-2354-4d3d-b21f-3ec5c40f8649,Jennifer Lopez,Rockets,SG,11.467262069834865,11.956213770047063,6.387293317959791,0.48699190767823275,0.40393005720308967,Emerging Talent,40,6
541ed17c-de05-4114-beeb-36248ff24f9f,Matthew Landry,Heat,SF,0.0,5.400441375671139,5.316360267401232,0.38446682318514147,0.3236975593953357,Emerging Talent,21,8
6942ccb2-5e45-4ada-a327-c53a2bcbf116,Jeffery Vega,Spurs,C,6.05794738995825,1.9696053816742576,0.66944818415306,0.43590617564671386,0.31831674075959654,Solid Performer,36,10
cfc67c1e-e542-4ee8-98ea-5c96f4c28be7,Tim Abbott,Lakers,PG,17.453377710552704,7.635439988299964,4.26669997903616,0.5155102559666173,0.44215350709449897,Role Player,27,5
cbcb1afb-43c2-4b20-9793-8967e1eabe33,Karen Chandler,Mavericks,SF,15.121395652251053,9.80258285440958,8.506442997241102,0.5167036131400107,0.46095892261003674,Emerging Talent,38,13
9dfa3310-6bdc-49e7-87dd-93fcc28088a9,Edward Flowers,Spurs,SF,11.22675575350733,1.3971037356432165,0.0,0.4011867753477521,0.33469932303864297,Solid Performer,35,3
74faa6b6-635e-400a-ae81-dcd459281700,Adam Klein,Heat,C,13.075641891692776,10.21438988493953,2.7158498823480075,0.5246506541992019,0.40175192617689903,Emerging Talent,20,13
4fc231ff-3cc6-4d9e-a8d9-6294e6a31cd9,Andrea Dean,Lakers,C,8.718632278560479,1.159579365137347,1.6235444803317125,0.4549422454040729,0.3232785518293211,Veteran Leader,36,6
e8ce4eea-1a4a-4b67-b2db-fe6792561e11,Brenda Sanford,Spurs,PF,17.70838684736333,12.767873094071557,11.225905689576368,0.5341363212039685,0.4676313060971046,Emerging Talent,40,10
75e1690f-8bd5-43b6-8f37-cf8e279649b2,Jennifer Cooper,Mavericks,SF,19.75549434159044,10.998798256016626,6.100318135290519,0.5594390084675119,0.4545936680102124,Star Player,22,9
8d636192-3694-4a97-ab40-12e1cd5100ae,Kerri Bridges,Raptors,SF,27.949924833104138,13.851718294524643,8.847374314394294,0.6070260816845309,0.5081270424095883,Star Player,29,12
8c1ab924-8dae-4067-b1a3-9a61bfe3c2be,Nathan Martin,Rockets,C,16.839599019681653,9.841585282580724,10.728610166804065,0.5568677083064636,0.43292474359447286,Emerging Talent,32,12
02dc1d58-6cbf-4b03-b565-6a6c9d695e13,Michael Valentine,Warriors,C,24.97176235653169,6.891696005286162,7.788683066820971,0.5827055537958774,0.5130911225355683,Solid Performer,31,17
ad05b164-b3f7-44be-99e0-299be025b660,Matthew Rios,Lakers,SF,23.56637035327193,8.072874017240245,4.635472459140479,0.518429949542625,0.35761913173879745,Emerging Talent,32,18
89d4d0de-24cf-4814-9934-07328da21ab7,Jennifer Salas,Mavericks,SF,21.21047155052049,3.7423140532033052,8.229966318848122,0.5303313839607449,0.4152556975328406,Solid Performer,33,6
53d00aa6-3e20-421c-85b0-6ddab79bb7b0,Joseph Patterson,Raptors,PF,32.68128295008483,10.70950809570691,8.027568637025812,0.5540909686198237,0.44628129922133264,Star Player,24,2
01f43632-5f1b-41aa-b81e-10c34256beee,David Nelson,Rockets,C,19.02293903589812,11.366377794379405,7.366028372646749,0.5926131781693524,0.4897068237601635,Star Player,38,10
2e247222-b5b3-4052-8448-8004d2d9bfe8,Diane Owens,Celtics,SG,22.825317448305256,11.378074915409382,7.192632345466982,0.5948681292242677,0.511300004286687,Star Player,26,6
0f49922d-e986-4575-9814-b7ef601c9763,Terry Cummings,Warriors,PG,17.959059545565392,13.39376084354374,10.73923018419131,0.5839675597290092,0.5132347779156965,Emerging Talent,34,19
f1844b0f-6a0b-4b90-912e-40d457ad822c,Barbara Martinez,Celtics,PF,1.038834492407184,0.0,4.896931826564074,0.43570839321672383,0.3215093866714336,Solid Performer,39,18
7084ad9b-95c0-4930-92c4-481d6f67e4b5,Emma Burns,Bulls,PF,12.172241026706319,15.737099070449581,6.378316869229736,0.5301847585240799,0.4425121951099559,Solid Performer,26,4
8d6bbdd7-368d-4fea-978e-82adf770fab7,Brent Cook,Lakers,PG,20.92951243876279,7.03362279234763,7.866973641218844,0.585741413103172,0.4750093240967709,Star Player,26,5
eedc0ee4-e6e1-4740-992a-4030dcb59b32,Joseph Barry,Raptors,PF,28.375787884238044,11.997118672421243,11.12117266635829,0.6604331609097136,0.5812024930333586,Emerging Talent,26,3
219bf6a6-c84b-4ce9-a7c1-db7255ce5c89,Anthony Ramsey,Cavaliers,SG,5.723105300154877,0.0,0.0,0.3105114495233147,0.19765640359120265,Role Player,40,16
c019f5a8-ab77-4d2e-8063-2be10a8ca040,Maria Golden,Raptors,C,23.598295675561165,7.245970220586411,5.7025247917204265,0.5756013644103889,0.5156974889019793,Solid Performer,33,19
4ed681c0-94fe-449c-a5d0-c7f941af0baf,Amanda Lopez,Raptors,PF,4.888371720773422,4.964814050924144,3.41618745505024,0.4201031320048081,0.3729549675332832,Role Player,36,14
654c1487-ff08-4271-9927-80b43b8a59ce,Jamie Banks,Warriors,PF,16.171686521980313,11.392195633792646,6.329391938260803,0.4715287731680356,0.35477602880429876,Solid Performer,26,20
4da58185-a61a-4d06-833a-b6ba6d192a80,Chelsea Velez,Rockets,C,41.02969020257105,19.908586891988143,15.245189038779435,0.7612976755403432,0.6544487720865072,Solid Performer,26,8
063af8f5-6933-4a70-89ef-eabad3bdefcf,Zachary Young,Cavaliers,PG,6.529085224995676,4.033430154950823,1.618502430211525,0.4283768836584331,0.3447624038658143,Star Player,26,8
842294b0-6cfb-43e6-b44d-4a91976e70f6,Jordan Moss,Spurs,SF,19.97019276870489,0.0,6.163104834161502,0.4994239821078671,0.33303447360975147,Role Player,21,4
584eb5fa-8942-4201-8e53-e994c6d1adc8,Bobby Moore,Warriors,SG,9.715919729217555,1.0640269454447928,2.073616248496854,0.4435197236826486,0.40077664946043756,Solid Performer,23,6
78b53962-3351-4671-a370-e7fac379ae92,Betty Bryant,Celtics,PF,30.714559406445403,13.84340815786701,6.484610030155386,0.5830774339891507,0.5033553305393045,Solid Performer,36,14
f1568f53-021c-45ba-b507-19871adf77c2,Richard Phillips,Heat,PG,6.343714061942485,0.16838476106586775,0.0,0.3920064184748753,0.28667248534052625,Emerging Talent,32,12
65bd8994-cdce-4053-b96e-35e97a14a529,Kathleen Torres,Mavericks,PG,17.186987358630443,1.9519791881049084,4.788006550612208,0.4757654085774597,0.35771245463181217,Role Player,37,12
2803f70d-df7a-4683-8263-f7248584ca06,Douglas Myers Jr.,Cavaliers,PG,12.005762340494664,11.402746168831293,5.934727816082494,0.5221588418138311,0.45359348674094957,Veteran Leader,28,12
e79f480a-910f-4601-888e-f5c03c1d3749,Gary Fischer,Heat,C,0.9142566127546097,0.0,3.3946451405202427,0.40395704389579845,0.36466151458541135,Star Player,36,19
42c2eb8b-fcbc-4ea3-8123-48bb66260484,Mary Lewis,Bulls,PF,2.662987762612971,0.0,0.0,0.2809086774754488,0.19978978149866916,Emerging Talent,32,15
3fd6ea1a-5134-4fd4-aaf6-5c88cb451acd,David Harris,Lakers,PF,20.14016238583412,7.154509433861877,5.150064713224362,0.48896428551323806,0.3950976172830938,Solid Performer,40,12
7f583304-b640-44ca-a738-1aa6cdf7da4c,David Wallace,Warriors,PF,9.527175725637463,4.494452578143157,7.717735263613666,0.5341974856517647,0.42710051016215234,Veteran Leader,38,17
10698b25-4d5b-4b27-8472-40ddf0dc00c5,Sean Harris,Lakers,PF,16.922247857462285,5.4728906243988815,3.5171262814569473,0.505760298408493,0.3822759377542387,Solid Performer,40,0
e2eb697f-406e-4725-b570-07758d251fcb,Zachary Torres,Celtics,PF,10.569609535955516,12.12873069054929,7.578205987683974,0.5459458702577247,0.46047909525035746,Emerging Talent,33,5
7c83e0f9-faab-40e8-b0e6-d3e347ebb649,Fred Johnson,Lakers,SF,36.726594769716414,9.804749528317947,9.102743844378903,0.6540510728923442,0.5670692654504743,Solid Performer,25,14
c46f91f2-4382-449c-8cd7-f7189207b29c,Teresa Jackson,Spurs,SF,16.547871138923902,10.14859539577685,5.559870217169847,0.5395355459870733,0.42363268010994787,Star Player,31,8
2826e9fa-7c84-49f0-9f18-bfe6ee094497,Courtney Gillespie,Heat,SF,0.0,0.0,3.414350608772062,0.3886886976122707,0.36032431668565734,Role Player,34,0
efa65dc4-1433-42dc-9f18-f4e8ea421c4c,Michael Cannon,Raptors,PG,20.857359627283262,6.891516163860805,8.373891362341539,0.5378190335633335,0.45177198638099614,Veteran Leader,30,7
ae825bec-abeb-4d5b-a7db-a7e307e23cda,Cody Ellis,Celtics,PG,40.1205458840647,23.248242670201,13.833985302823404,0.7553086840169403,0.6914244665395897,Star Player,26,6
686bfb90-c4f3-4990-ac1e-f7f7953bf6be,Sarah Lee,Lakers,C,17.79257221210697,5.988420517427589,1.3671982170603951,0.4499514490023337,0.35675438321375785,Emerging Talent,23,15
bd8eb478-2859-4331-84db-9fe186e8820f,Robin Schmidt,Celtics,C,13.366976022719683,7.927638283611376,6.992202577765776,0.5606923276397188,0.47459443817273317,Veteran Leader,33,8
0a6ec148-10ee-4801-971d-796c87fe853a,Michael Snyder,Spurs,SG,10.100288215782033,9.02909855768416,6.931975494300661,0.5289659090519462,0.4393857146044178,Star Player,22,5
ed68baa3-97a3-4c0a-98ed-e0c5f6c4ffd0,Andre Pope,Rockets,PG,25.635121941631226,10.95911363836858,5.013766751163633,0.5919845798375422,0.48754596919815263,Solid Performer,28,18
b0e50a6d-2f75-454a-b1bf-a2bf5c7447ca,Steven Castillo,Heat,PF,11.332045492852188,5.1147245647520805,8.192621055447301,0.5263667806424043,0.44078789766698984,Veteran Leader,25,2
40d06301-5b36-415e-94dc-ba6800be4571,Nathan Mendoza,Mavericks,SG,15.431964458783337,9.9564432985803,4.0811840480870964,0.5047542531518658,0.39358633183894526,Emerging Talent,28,19
3e64064c-9151-46df-b4dc-683961bf4977,Douglas Tucker,Celtics,C,9.109177108333647,5.493920177739561,2.3045178469437824,0.48166549976823886,0.33865823121237837,Star Player,30,17
7abce8de-2f12-4141-a458-3ad9c1dc701e,Erin Robinson,Heat,SF,10.932628267015534,10.406575432254405,4.645622976377712,0.5019497263732369,0.3516016281231247,Emerging Talent,39,10
926eea93-59f1-42bf-ad44-5e4c4b08cf05,Jeremy Alexander,Lakers,PF,22.11865663680977,8.582103297172567,8.199161813607738,0.5163592575849184,0.4548919753906374,Role Player,22,13
13e12c22-f513-4e0d-b270-ef261688adb7,Timothy Peterson,Spurs,PF,36.17478843399421,17.157983053893936,17.1023614487124,0.7614812552765393,0.6194326118188597,Star Player,32,5
5df9ea20-6012-435e-8c01-987f7dbd370a,Ronald Evans,Raptors,SF,9.38920878473889,0.8657143814178827,1.4819488386481745,0.4378985029553729,0.3426253669883317,Star Player,36,15
ca1746f5-6f5f-46b8-9b8d-e0694ce4e5a0,Mr. Brandon Palmer,Cavaliers,PF,15.82422478881479,11.478077041508325,2.864552368975293,0.5162179592308536,0.3922517343768117,Role Player,37,8
aac859eb-ab20-4ca3-a02b-0d3dfc8aaf9d,Luis Roth,Spurs,SG,17.87946036430869,3.3845153870509392,5.56696465375837,0.49838267319901786,0.4049026543149197,Role Player,21,8
4b90a83b-a6c1-48c5-b5a6-c02b1bb67389,Peter Miller,Cavaliers,SG,30.168187138632653,6.5326232667851425,5.094680665627637,0.5164540538622866,0.41780732200757664,Star Player,37,19
14e26c7c-e4a0-4e54-95e1-91afd83294da,Sarah Hoffman,Heat,SF,14.571211382472583,8.074577107436976,1.3089589032749767,0.4196141758072637,0.34568959839707625,Emerging Talent,29,5
f18a5773-8012-47ff-b2b5-ebebf81c2dff,Lee Peters,Cavaliers,SG,12.642428645967842,4.847653841149042,0.0,0.47572779959850414,0.3806952490338133,Solid Performer,27,10
8398ab91-3cf7-4352-aee0-5e1b17aa7375,Charlotte Simmons,Rockets,C,6.933605295476218,4.793652719752783,3.217758818036505,0.45189201640501797,0.37892522172688836,Star Player,27,17
211fc0a2-fa58-47eb-96e4-a4912fb73a70,Mary Smith,Lakers,C,9.239041502367238,1.9773061784861712,2.8303510101399647,0.48164273779311917,0.4181964345209508,Veteran Leader,21,7
691859bc-463e-48af-a207-58c15b057b59,Kevin Wright,Heat,PF,10.942826767832779,4.362674816600887,5.306341350751483,0.49877751861385533,0.3376214946379764,Solid Performer,26,15
6631bd0c-f934-4c76-b5f1-5e112812a5d5,Melissa Walker,Cavaliers,PF,15.32640996016314,6.598477256287824,6.73565688139918,0.46273461945469707,0.34387021393243655,Star Player,21,9
628e424e-78a7-4842-994e-dce1a40c5f52,Matthew Blevins,Bulls,PF,26.45006620983763,12.414720697053639,8.377167384983833,0.580398976861014,0.48245139487814437,Star Player,28,18
8c778997-9ba6-4618-82e2-595cd1020f7c,Walter Christian,Spurs,PF,32.065139348323484,13.409440714237073,10.822063337016754,0.6623460784339199,0.521877185684008,Solid Performer,30,13
bd7d2f5f-aafb-43b4-9b04-38d8c7263318,Nicholas Thompson,Raptors,SF,16.72003902709221,8.92960101316896,9.031596960706203,0.5406893122476882,0.4377960618504131,Solid Performer,33,8
e5278005-ed62-4087-ab7a-70f3392e3f3c,Dale Lewis,Rockets,SF,5.132706420336913,2.1371718385236296,3.8870848826912434,0.3578588212029481,0.2683973924552868,Emerging Talent,25,10
f214535a-bec5-4dd5-ac08-4214bf39f03e,Timothy Brooks,Celtics,C,25.381103235924925,7.96103182139292,6.5555777863837,0.5370962985654063,0.4286705508342027,Veteran Leader,24,6
e7f394e4-278d-4136-9e04-5c10089eeca1,Paul Wright,Bulls,PF,11.506113818986254,7.988727176826675,1.1612349429757665,0.4580160320278847,0.3413542222461637,Emerging Talent,37,16
1452940b-fc4f-4de3-b9f8-f2abfa4d99bb,Jennifer Moore,Mavericks,SF,19.33453176532955,11.298467602809447,10.534610265828412,0.6508151434771711,0.5181896576710244,Veteran Leader,25,9
948a8115-37de-42f4-95da-9e87aae915c2,Carmen Maxwell,Bulls,SF,18.85379008027097,0.0,0.0,0.4532803363317468,0.3344389628436279,Emerging Talent,19,17
73e40f16-fc5a-41a7-931e-7b6c13df280b,Haley Davis,Warriors,SF,8.329454065189633,2.6252380556600308,0.0,0.3722706303135108,0.31532586485253156,Emerging Talent,20,17
12016d20-178b-47ec-be66-dc6f10e68455,David Watson,Rockets,SG,21.006132460689695,15.790916877936302,5.460635179182338,0.5345096143773713,0.45118195639824116,Star Player,34,3
cc5dd4d2-b309-4344-a517-0cc05026f90d,Tiffany Wilson,Lakers,C,15.760837083058481,6.048361744653521,5.521766727606603,0.4704106098806414,0.4243166904459154,Emerging Talent,34,14
676d1f8f-1a08-4f91-866e-aa8378d227c2,Madison Stevenson,Spurs,SG,19.76496737401495,7.617420147170269,5.584901724737293,0.5031802277653872,0.4007390533610894,Veteran Leader,27,15
fec4bf9c-62cb-4a02-9bc2-fa8a33f6f278,Samuel Jackson,Celtics,PG,28.072990249337597,10.80317730844213,8.9888985546472,0.5624775621010099,0.49307462029574384,Solid Performer,21,18
d4f363a5-5c2d-479c-9cb1-758c87fbc29a,Jenna Stewart,Lakers,SG,17.240779143961383,3.497564637770621,0.0,0.4349228580922888,0.3187397366445754,Emerging Talent,37,9
624e5a2a-c366-40d7-8bbf-c5960c67bfa0,Susan Bishop,Celtics,SG,20.143315593375284,9.86466744529928,4.583492734063834,0.5750182285138908,0.4355867683662933,Emerging Talent,32,19
50a6098b-63e4-4a0d-9108-0c4226a25d7e,Jade Fuller,Mavericks,C,2.963045045864254,1.4378863585238806,0.0,0.32227019478884344,0.24065549052858806,Emerging Talent,35,12
ec3f6477-581c-4aa1-b01f-b0886b467a11,Pamela Fleming,Cavaliers,PF,9.172151163131604,11.49218220984861,6.7403144247890685,0.4952204626143499,0.4001774628708337,Emerging Talent,37,13
3139afbe-5b93-41a0-90b4-e9fb7dcc7410,Michael Hunter,Rockets,C,6.875153737354072,7.300381892175972,4.469562735794613,0.5008058805968569,0.4152162749370361,Star Player,38,3
179d4d87-b328-4359-805b-18b4aecb6f1e,Alec Diaz,Bulls,SG,36.18107957483028,14.274895664899223,13.335911670110407,0.7077557614166723,0.5982613263432076,Emerging Talent,21,5
b32e9517-e6e8-495c-845e-f0164a30403a,Anita Sims,Bulls,SG,12.361619810673872,9.39282179044164,6.025492250524196,0.5238669013925721,0.41866647302565674,Solid Performer,24,0
65b5e0f2-cc5e-4402-896a-a6e185802039,Jessica Phillips,Heat,PF,22.81935109539051,16.199945773499653,9.59341007066214,0.6464604889844388,0.4911715151701421,Star Player,34,9
2f7a7609-1a61-4934-b4cd-a8b109e32f84,Dwayne Hernandez,Lakers,SG,33.34919194896573,13.725565004982903,10.976083544552354,0.6671894341526385,0.5820796992445633,Emerging Talent,28,14
d86fb84c-6af3-42b5-b6ef-8232902f56b5,Anita Jackson,Celtics,SG,17.3598548606621,9.54111366339455,11.375882669365726,0.5868344122055642,0.4610100221970306,Veteran Leader,39,18
0ff0284f-f0c2-49ee-8e8e-5c710db607ba,Veronica Griffin,Bulls,PF,15.980191415273309,9.030571309032252,3.10642878227599,0.4986528170683531,0.37042866633926824,Emerging Talent,26,20
fe4284b9-beaa-4361-b1e8-bafd70124aae,Theresa Beard,Warriors,SF,22.228210924566497,7.546556226128274,9.744866017001183,0.5154069990004811,0.4106348146563315,Role Player,21,1
dd7e5cfb-0092-4d29-adae-2c6e543bd64f,Claudia Ochoa,Warriors,SF,22.480009698660492,13.174042167173466,4.9800387485020075,0.5440187985246231,0.42167501246598305,Solid Performer,37,9
68dbd0d0-b6b1-48cc-966d-6c06ebb476a1,Joseph Miller,Cavaliers,PG,17.692026688025166,8.09383213553616,1.1567064862682228,0.512268077000436,0.41033909708886707,Solid Performer,28,12
10b7c819-f057-4a90-9ba6-a0e300d741f9,Joe Small,Rockets,C,10.72339065209175,5.35427705130057,3.0190967256096966,0.4264376267721387,0.324011262490286,Solid Performer,33,2
0ce2e66b-1f06-4632-8840-a1f59c1ee4b5,Dr. Ruth Tucker MD,Mavericks,PG,20.60810438638237,8.50303010882607,4.156555051862007,0.5128785671138224,0.34047374048825396,Role Player,29,19
c72073a4-485b-4241-bb6c-6a20b0412875,Pamela Bruce,Rockets,PG,17.789088109830537,11.656505677651122,7.355723012236126,0.5889829405227922,0.5380931057847808,Emerging Talent,40,18
b7a0eb89-e6f2-4f29-b4da-9fec68d69449,Kimberly Adams,Mavericks,PG,12.055507395534667,4.520732256802991,4.083276849198678,0.45476631769001596,0.3275700353850394,Veteran Leader,40,8
1e022b06-a373-4f74-a477-f632218c5b62,Brianna Foster,Mavericks,PG,22.493885278664838,7.311588401256446,8.128836955856734,0.6296418777574002,0.5166311167869839,Star Player,24,15
73c0505a-ac2d-4eb6-9869-944989aec7e6,Mark Shaw,Raptors,PF,9.767190134329265,4.291834174308557,7.758887429490245,0.4727734956038452,0.37373561950303547,Veteran Leader,24,18
10724831-1301-4856-a80b-2bb315be6e6a,Jeffrey Arellano,Heat,PF,26.49678033545099,11.374290832697103,8.728434117957413,0.601596320214903,0.5022839006729873,Veteran Leader,34,11
68c482f2-96f0-490c-b291-5418939da158,Sabrina Rollins,Heat,SF,22.536024865406297,12.836067949831637,7.749085014330754,0.5743356581700199,0.43279894067305585,Solid Performer,22,5
ea0e7ec5-b22a-4992-9d3f-7e82a683c660,Phillip Harris,Spurs,PF,25.895719126514777,14.575668703091363,2.872799942422547,0.6334002615658627,0.4888409749071447,Star Player,28,12
7f55b534-0dc8-4d98-8ee7-271709477a1d,Jonathan Mayer,Raptors,PG,20.88229853174751,14.37923579887529,7.325900140602753,0.5983429024598356,0.5490989087510874,Solid Performer,29,8
9058cd3f-d1f1-4009-803c-f6dbce7a4294,Joseph Reed,Spurs,PG,14.18034035826515,8.656791188249528,5.228634172891823,0.48394013802653685,0.38823097997298983,Veteran Leader,31,16
6087b3b0-fa98-4acb-a4d8-5deaea83ca3b,James Brown,Lakers,C,38.74606186721482,19.620375066336276,16.714971132968323,0.7624520771829872,0.6640821646350351,Solid Performer,20,6
2bc95258-5f08-4547-8e73-53aab267c0b6,Alison Ford,Raptors,SF,15.67227765663943,15.093945707049212,5.2622301020793625,0.5699257315076991,0.4487875052025313,Star Player,34,20
e2b6109a-4c6d-4a13-a7dd-698b7a2e95d2,Michael Jones,Cavaliers,PG,16.002428585587474,7.643379913385856,5.5872881220986,0.5258603907218737,0.40265685137098034,Emerging Talent,36,4
ede92b97-df25-4d2e-9917-67c4083a6a0b,Juan Hughes,Rockets,PF,17.378869488535297,9.347628290320678,1.5681578285634203,0.48753233786793226,0.38960779131715306,Role Player,34,3
56f5afdd-706d-4c29-b2d5-e2a1736960b7,Kimberly Henderson,Lakers,C,18.902899032958178,5.06201572210246,4.060898893503117,0.4667822131783234,0.3705552306156301,Star Player,24,9
71151def-5872-411f-aa63-b003bdc26161,Gabrielle Franklin,Raptors,PG,0.0,6.302139755198908,0.0,0.37054464432135364,0.24730468903840547,Solid Performer,21,7
e7ee52bd-f6d7-4da2-96de-de4c294f02b6,Scott White,Celtics,PF,1.9949335560674868,8.731236741961597,4.4637871879272595,0.4223408183274953,0.38115254133793597,Veteran Leader,39,4
aed40f84-87f3-4ee1-8803-57eaf0c58a07,Christopher Price,Cavaliers,SF,23.19349795237283,4.410610290337252,13.508947093147862,0.5703850993638875,0.46526857376002156,Solid Performer,27,13
eebf557e-a6c9-4060-a58a-a539cf41837a,Alison Fritz,Cavaliers,PF,37.424466351792766,16.265670615579758,10.218099968143282,0.6141521300342697,0.5193253543765701,Emerging Talent,36,4
d1c88d2d-e717-46c3-94da-4d6d945f51cd,Brian Allen,Heat,SG,23.99524301771453,11.107246260789454,7.910528103348016,0.560813567201343,0.47027935744134103,Veteran Leader,35,4
d43321ef-50b2-4223-9b53-4ae4eefa2e6a,Dennis Burgess,Celtics,SF,0.0,0.0,0.0,0.334302201603531,0.2585443643073534,Star Player,32,10
d851757a-33bb-4ab5-9609-7188ae9f6f38,Jessica Brown,Raptors,SF,16.330663041907243,8.622698620300552,10.554808799985684,0.5721819127294652,0.48733899760029076,Role Player,28,9
96efcba9-aacc-47ca-a6bb-ee4a1fdfec8b,Kelly Snyder,Mavericks,C,15.658798715927343,10.06638701356064,4.532157406261799,0.5429778570234309,0.4614008485853059,Veteran Leader,34,4
4efc0896-ef2c-485e-9cb9-0d845c832212,Patricia Holt,Cavaliers,C,1.2724363544853023,0.0,0.0,0.3451789093281263,0.26798343524630996,Solid Performer,29,17
b5413442-89ac-4108-9e62-62938fabcaa9,Adrian Preston,Raptors,PF,14.105217320852809,7.9930150223363885,6.587494068664405,0.5134996516713048,0.41333428408886835,Solid Performer,29,6
5b80cdb4-8dd7-42ca-9509-1af7413f7016,Oscar Davidson,Bulls,C,4.6655785341777065,0.0,5.691186735146856,0.40492356651149874,0.3159427272634063,Solid Performer,32,1
0f8df9d8-6905-4ace-b690-127d5a551001,Rose Camacho,Spurs,PF,12.290549229030233,2.5231146372779296,4.6218550830706775,0.4146894609582029,0.33373915668755627,Star Player,31,12
94c72aa6-1739-4046-b812-643bc97e959d,James Leonard,Warriors,PF,17.372275106269367,0.0,2.278253207415026,0.42914083229266625,0.3247412766230542,Veteran Leader,23,16
97bebd83-052d-4bf3-b475-7aab8a586c59,Andrew Simmons,Mavericks,SF,12.498019912555787,6.204996121548787,3.96484536123219,0.5007488164481274,0.4256816941440562,Role Player,33,3
534c1096-faa4-44e6-916e-ceafa6ef1b5b,Michelle Smith,Raptors,PF,2.5760672520262755,3.947694929907067,7.929451535277302,0.428177330139822,0.37703315760809797,Emerging Talent,23,13
a7e6fad6-f3b7-4245-89c8-1e4f1999ed78,Timothy Pennington,Warriors,PG,29.009066932224435,17.09545330793803,14.967596502562838,0.6601875265878944,0.5636984742055968,Solid Performer,27,10
c0f48cd7-015f-40d7-b20d-066916986a9a,Dillon Allen,Mavericks,PF,4.1094072070492285,2.14376279505876,0.22539581068091197,0.44251357797032015,0.32643244398396276,Star Player,29,17
4230f8ca-a7a9-46c0-a193-1095d6cb74bb,Rita Allen,Heat,SF,9.55838088688934,9.161570255597109,7.60220157038084,0.4835038783276457,0.43085972257602617,Star Player,34,17
c1758191-64bb-477f-a35c-a683b97e4d38,Angela Adams,Lakers,C,21.228484831276894,18.15606212287957,10.748713988625259,0.6086666621321611,0.5216515176941751,Emerging Talent,39,9
ec361b71-9e7e-4ced-9b4d-8ac36737cdf7,Melissa Silva,Bulls,PG,20.96329608227928,11.40790253994772,5.391960463928157,0.5592199077328938,0.42755840131407263,Solid Performer,22,20
b83cf242-f222-4283-86dc-22a3cafb8232,Ryan Martinez,Celtics,PF,9.368201179189048,4.237279865487199,7.027282105026074,0.5107035962770153,0.40106015628327346,Emerging Talent,28,0
fbe05909-4342-4364-8e71-a79be57502fc,Jennifer Allen,Lakers,SF,2.494830104800201,5.177729276574655,0.9141827685894937,0.437155314332376,0.2986350803206295,Star Player,28,11
8403bcdc-10ed-4bca-a213-b59c555c6628,Joel Salinas,Spurs,PF,15.374908843887809,8.360868296797005,5.463256793199038,0.533367085182775,0.43833895798489486,Emerging Talent,35,13
873c65a3-6d42-4215-845f-652e20d9adde,Geoffrey Powell,Mavericks,SG,0.4839406271316147,0.0,2.8720248117932896,0.39933372182572763,0.2783432420901553,Emerging Talent,21,19
906ae8ce-7bab-4738-96f5-2509f64dea14,Paula Brown,Heat,C,31.350783632473593,8.924680288035141,8.23129596702714,0.5404944476240477,0.43688006738927354,Star Player,34,18
1e7d6a6e-e5f4-4ba4-93b0-3fc5c73f76d4,Albert Kelly,Warriors,SG,22.73939210893443,12.397559357154552,9.3197015443431,0.578545839225916,0.5117484952895073,Solid Performer,27,14
457b0cd4-da63-4288-a148-e2b927d46e9c,Michael Hurst,Rockets,PG,9.471676635581689,7.734730747234167,2.503225009636291,0.4830676474778417,0.38232164439757504,Role Player,33,9
eabb62bc-cbd2-442e-917a-3049a3222bcb,Cynthia Wolf DDS,Raptors,SG,28.232446822715545,12.354396952922459,10.979114861726886,0.636393707563504,0.519745762710195,Emerging Talent,30,18
f579ea6b-7f32-40cf-a773-0669a200e550,Martin Hall,Rockets,PF,8.544345036683008,3.856422109990785,4.430961070664186,0.4888450179411524,0.39729583592462914,Star Player,33,9
fcade7a2-e6c1-4f16-99f6-c9b45b784633,Richard Sims,Bulls,PF,18.214963020754723,7.071753290308262,6.199602987240832,0.5069544807859131,0.36615566116263326,Role Player,22,7
ea7e9c96-e96b-4480-86bd-196088b99d34,Bianca Kramer,Heat,C,4.886208283204379,0.0,2.442515884717392,0.4366814772649985,0.3304416976520709,Solid Performer,28,9
81980eb0-669f-43ee-943e-fd90fe05a4d7,Gloria Johnson,Lakers,PF,20.31920197494768,6.378788016955295,3.4720565740430893,0.46638765963616047,0.3726063191772166,Emerging Talent,37,1
c9a18e7e-bb3d-4c1d-b2d6-4d071b6e1f28,Kathleen Tucker,Mavericks,PF,11.970312926465152,5.54083785044345,3.4533847661419137,0.46992108154080414,0.3849952436416039,Role Player,28,7
4e7ce73a-dd2b-4670-9c31-22dec5563516,Dr. Zachary Williams Jr.,Mavericks,SF,17.07105151216372,4.086007272500755,10.666856364243841,0.5676178395758239,0.4904601055062787,Emerging Talent,25,19
773a4826-528d-48f4-aa7d-6776a8f11340,Susan Higgins,Rockets,SG,0.0,2.7738230543175666,1.8378582163678558,0.3714584893795297,0.23116785155116581,Star Player,39,20
a51e9bc7-02ec-4c00-81ea-58c7c2f72882,Andrea Hernandez,Lakers,SF,11.496575544487907,0.0,3.1817420465483806,0.44506935819129184,0.35696138516677345,Star Player,20,18
fc689e03-1a40-437e-8fc1-8f4328ea80d5,Joshua Marshall,Spurs,SG,11.330458979733754,11.187616347064239,5.161262327602673,0.5114119460512168,0.3932926776599514,Emerging Talent,28,10
2e5d64ad-d92c-4e1b-9615-87f676bb6e68,Kenneth Campbell,Heat,SG,6.143163917950392,4.26475056427218,6.650287955518646,0.42823375202222186,0.32340054692331416,Emerging Talent,36,11
d61c74a2-49bb-41e2-a02c-14e599514e6d,Jacob Wood,Raptors,C,28.665084889176754,12.348633421488293,12.964490684766588,0.6350047219546237,0.5836372270202995,Veteran Leader,24,8
fd785ec3-2c66-4189-926d-5cbfce2606d7,Danielle Richards,Cavaliers,SF,19.339701672664177,16.861553996492855,6.500273639350399,0.5826344945741131,0.4737784387420567,Star Player,29,3
9ed60872-5d5e-4d5c-86c4-65b9431db200,Eric Morales,Cavaliers,PG,35.82496887762224,13.60471889419129,8.700129416902826,0.6393735717986622,0.5166198215448377,Emerging Talent,26,12
07480d0b-bf8a-4bdb-9b6f-1603d89e61a2,Christopher Moore,Raptors,SF,35.81654913067992,15.97097158369679,13.42290960183631,0.6743961989620684,0.5819064439824493,Emerging Talent,31,0
315c84c0-273d-4f86-a1f8-a3a46eb0a6d7,Zachary Ramos,Rockets,C,23.719667684587275,9.86133659167631,10.874961136832273,0.6437554738877025,0.5344204570077439,Emerging Talent,30,8
2d682c47-ca03-43a0-8eef-211280831fef,Stephanie Bell,Mavericks,PF,21.176501415210858,7.71480642880355,11.98685804713424,0.5931511718037389,0.4945881082514807,Role Player,30,3
02b3fd32-2a90-46c5-ad1a-86a02a013076,Jessica Hayes,Bulls,PF,31.06309146549388,15.008634025490112,14.6427812571984,0.6199490495773029,0.5513762167465306,Emerging Talent,36,10
1180ccc3-f43c-4f97-8b28-46698518376a,Michael Yu,Mavericks,SG,16.91309264328713,11.870470903723017,6.243724012167585,0.5164672340707012,0.4271514592359045,Star Player,39,14
6cf7eaff-4c3e-41a5-95ef-f869285446fd,Alexis Phillips,Rockets,PF,7.154424367876114,2.0408087702224726,0.0,0.5046288696445179,0.34144055973127774,Emerging Talent,20,1
f4e5b0a7-cae9-4649-9b67-240c96d924f4,Jasmine Riley,Rockets,PF,11.403397264697677,6.815951975498443,5.746459930735505,0.49508410740861775,0.366213088870044,Emerging Talent,26,17
d145283c-35f8-4764-94ae-4012ff3a6d96,Brian Johnson,Warriors,PF,14.741682614577382,5.418318052517301,7.54620429689434,0.49310732765412385,0.39798538434235514,Solid Performer,40,17
4bf652ea-c1cb-4472-9ffb-a3a0a8bfb527,Sarah Barton,Heat,C,27.496181974100754,10.857471019448184,5.057861178757958,0.5742818859017942,0.4532609889909047,Star Player,23,13
53d7f83e-6a32-4680-9607-b4ebea050732,Scott Edwards,Celtics,PF,12.6456532762779,8.071765805552122,2.928076426473096,0.4533149920770036,0.38118263071772907,Star Player,27,1
aaf35fd1-4cc6-4fe2-b3de-d3f0cc914c28,Tony Myers,Spurs,SG,30.415947365787655,9.900294834337473,2.441487199642638,0.5391421503709475,0.43169848564651236,Solid Performer,26,11
e384bb93-ad97-4b50-9773-7b8f7be81dae,Betty Williams,Celtics,SF,31.26343429717725,13.033395818462406,7.71041454375225,0.624794810262554,0.5119648663240886,Solid Performer,39,11
ee5d516f-28d9-4899-94b7-0f54d26cc5ad,Katrina Sanders,Lakers,PF,12.137657524055822,9.107096264030606,3.4672492604270717,0.41802999377882405,0.3508397083839305,Emerging Talent,22,14
f2b03dee-11d2-4aa7-8bb2-112ffea9f291,Jessica Grant,Celtics,SG,23.9174003448596,12.581105933209503,9.815902336040999,0.6039651824029203,0.5326287573414423,Star Player,38,0
dea52d69-e4e5-49b2-8483-4aaf39c2e0e3,Carlos Jones,Lakers,SF,15.888180733457322,3.732782723554792,3.6412908049220527,0.5023528122957772,0.38044852209738644,Emerging Talent,23,18
bd08355d-2180-4160-8365-5a7616b7761d,Laura Solis,Bulls,PG,30.27145758426104,16.308873433422683,13.7730370686798,0.6443290704646798,0.5374802088837249,Role Player,36,6
122e8be4-810f-4d9d-b234-a6b4476800f3,Christina Daniel,Mavericks,SG,6.056357371434963,0.0,4.013773313056125,0.33614941656984276,0.25112539460693123,Role Player,26,10
6b776417-4fb1-4014-910e-4712dc07d41d,Joan Burton,Warriors,C,40.45156396647437,20.89506049274857,13.585172271457788,0.6746922457730168,0.5660615342408113,Emerging Talent,23,4
c7926ef2-da08-484e-bf41-49d201ec98b9,Savannah Sheppard,Raptors,SF,20.02768218002371,8.437208730566267,8.106695389844646,0.5744324151661652,0.4687715466301182,Star Player,22,0
e7a75f87-7a25-4740-b5c1-03576d173000,Geoffrey Flores,Warriors,PG,26.740400517419705,10.747157896159118,10.740609951937385,0.5468049624630014,0.46576555556007715,Solid Performer,26,18
881b1fc1-7c8c-4939-9ac4-679d6d449f44,Michael Thomas,Spurs,PG,0.0,3.1678463394578777,1.8892157008222132,0.4585867628045621,0.340934001630815,Emerging Talent,20,4
2ca1e08c-0826-4dfa-bb97-b4c34d154fc4,Michelle Andersen,Heat,C,14.02859458837889,5.5421669649300345,2.067448109620412,0.3930516355900829,0.2783925328326099,Emerging Talent,21,15
d00eff1c-5612-4432-9a29-5e200bf24918,Courtney Wright,Cavaliers,SF,16.7216753378104,10.792725037448562,6.597659952260166,0.45300233395716927,0.34038697372711446,Solid Performer,22,14
3d9972ed-e937-4125-a630-b1f1093630cc,Dakota Robinson,Raptors,SG,7.5666656412977815,8.673934377110365,5.2683398150474785,0.5047678946537555,0.38219456334578444,Veteran Leader,20,16
1cf240b7-0af9-4284-8204-b6fe382af0fc,Rachel Knight,Rockets,PF,17.47249686738761,6.058250025717719,1.3098759997155676,0.5508097125559589,0.4868050425903665,Star Player,19,1
d499bf8e-6c05-4a2d-8610-13b94d6cc860,Dana Carter,Cavaliers,PF,29.327110862547343,13.499659891654009,12.582585370341526,0.6461582126710211,0.5721617594511763,Solid Performer,22,15
485cd7a5-b5b3-4bd6-a7cc-b6b8344a623d,Daniel Bolton,Cavaliers,PG,28.795468903268443,10.529939162483593,7.656973613184829,0.5590483761033378,0.4600704207576718,Role Player,29,19
83f84862-cd12-4cde-8cad-613c2c6eeec6,Christina Ford,Warriors,PG,14.572038615065622,8.608359419192116,2.4877265310332035,0.5072058821890378,0.3719296387889959,Emerging Talent,38,20
b84f092e-0da5-4508-97fb-a060eb763896,Thomas Barron,Mavericks,C,11.05026866077652,0.0,6.682621615328355,0.5126001485070051,0.3922367194227921,Star Player,31,19
249ee4ee-6518-44c3-a056-f67c9e161a86,Randy Joseph,Raptors,SF,18.249603260769216,2.6473160154647313,4.209857514206898,0.5225843653149237,0.38161328325910215,Solid Performer,38,13
11b2ce8f-9c70-42f5-bbca-e187faa3eacc,Shirley Bond,Celtics,PG,11.152670298549268,9.867079608133725,6.10294876407155,0.4970531568985528,0.45265058030580635,Role Player,39,17
f5bdaac5-248f-487b-a669-9fdfe1969591,Colin Martin,Bulls,PF,3.602822046947602,3.928749707702582,4.358908391665233,0.40622440594062714,0.3277744393171545,Solid Performer,26,13
705032dc-134a-4777-91a6-b861c97f0f49,James Collier,Spurs,PF,22.75369303962145,9.673407167484541,5.981210323155647,0.5263298456200829,0.4446045276939848,Solid Performer,22,10
db2eb6e3-dbb3-4457-9057-63f9467fa6f9,Beth Bautista,Heat,SF,0.0,2.9489843525449677,2.519313634229963,0.34552745009060254,0.27259148470724054,Star Player,30,4
cca9f525-db87-48bb-aaa7-039bdd673454,Debra Jones,Cavaliers,PG,31.479019958610472,10.158152428052214,6.020611161562522,0.558257497278423,0.4894129544834835,Emerging Talent,21,2
1a98a064-8e2c-4822-ad7f-0b1318e25fa2,Tina Holland,Heat,PG,4.544398175503378,2.3219485378312257,0.5094860669844343,0.4378569884074424,0.36789715125693767,Star Player,30,4
3ae1626f-2e07-4c03-a9bb-dd7405a2007d,Maria Pierce,Raptors,PG,16.969025220528852,7.739962558833513,3.1659354750708024,0.5499701228545462,0.4307511833713469,Solid Performer,36,17
4e609a14-860f-4414-bbeb-cd03c5129838,Debbie Hensley DDS,Spurs,PG,29.160738703318046,6.99385915714393,2.7744982454471288,0.4734248567168266,0.4049209228248725,Solid Performer,40,13
9164220d-24fc-497e-b6e0-8903f6da5c3d,Kathleen Carpenter,Lakers,SF,8.941314213790811,10.324038856414433,4.11679347107307,0.5487929965781274,0.4329280023680694,Star Player,30,3
b75f55f7-e3e6-45a1-8f6d-98e2f64312b0,Rachel Garcia,Mavericks,C,16.931862852088052,4.9669570532884535,4.916259767609434,0.4649624667800144,0.3383406773343074,Emerging Talent,40,15
d2cff47c-7042-4bf1-bf57-23ca020f57ca,Gregory Fox,Bulls,PG,13.714305764731186,2.777924842093068,1.6185037442461585,0.41654256518126676,0.34411699808012297,Solid Performer,36,11
5c820dde-0be8-4779-b3f5-4734a5faf7a2,Mary Miller,Celtics,SF,30.287584621160086,17.385282966234,16.07454078780344,0.7046596640994002,0.6152999278493092,Solid Performer,32,17
f073b0af-1b47-4087-b61b-e833810d161d,John West,Mavericks,C,6.517600204569447,1.126599564251956,2.7218858787722073,0.41750836821660703,0.34555192002568424,Star Player,36,0
3eb1744a-d2c4-42a2-bb56-ed25956e2ba1,Emily Dodson,Mavericks,SF,22.425313315046587,10.481318770799888,6.612200107232926,0.5647329941905914,0.45205528911857695,Emerging Talent,27,9
90be8cb9-34b5-4cb2-88a5-a40266e9be95,Jeremy Barajas,Spurs,SF,23.272597440735943,4.822677185509148,7.953601027336548,0.5431883989737587,0.41448472708713985,Emerging Talent,23,18
b848c222-ceac-4f43-872d-77b7438e347b,Suzanne Smith,Heat,PG,0.0,0.2817091446403541,0.0,0.26782846545324235,0.17771901167457616,Emerging Talent,39,0
87cd809e-0fe3-434c-96f1-26362d464ba4,Andrew Hutchinson,Celtics,C,26.13986810605243,10.486303835013683,7.628831282388838,0.5762268396695789,0.46561379896048527,Emerging Talent,32,14
6772f276-a12b-4f3e-9afa-da5869b6bc0a,Theresa Campbell,Spurs,SG,29.54215454863772,18.728354009823697,14.504134861722669,0.6815037869099034,0.5529051626925832,Solid Performer,29,18
d82fd055-3412-4ce4-a129-4c2c52926068,Cassandra Snyder,Mavericks,PG,18.916322871411516,6.307544869492663,7.263638924789643,0.516792213210465,0.46412659680289214,Role Player,23,5
ecb8c4f7-f989-4903-9535-6e8e76e64e4d,Marie Cunningham,Mavericks,PG,11.359625306380266,5.5267771281464615,2.6237208633982734,0.4652721462996662,0.34404019713771017,Star Player,27,14
14bed66b-7604-452f-86e3-cc134d2902b4,Jeanette Castillo,Heat,PF,16.983074573338698,11.735625225925457,12.363047187945547,0.567123103253613,0.47357483033522735,Star Player,32,8
d2e8b474-7c30-4fba-87b2-bda5d252fac1,Lisa Garrison,Bulls,C,21.03698740628714,10.621429546115252,8.034005658930987,0.5640852143371269,0.47358478180501595,Emerging Talent,32,3
40219aeb-cc02-41df-a36b-09b058d4e05c,Jack Davis,Rockets,C,17.891898296192416,11.066814388250757,10.439038497504482,0.5383291907651998,0.4214912795994384,Solid Performer,40,9
fe3c952c-72e5-49d1-96f3-a4f1f891e31f,Devin Dennis,Lakers,SG,25.468900873101738,6.0173947083927555,11.123166031448735,0.6000015032096188,0.5088974012826141,Solid Performer,38,1
51fc24aa-3a8b-414f-b35c-776f2c312637,Mrs. Katie King DDS,Lakers,SG,19.272301704585477,10.78825710426219,5.456948581136372,0.5434601490204232,0.4280070995052231,Solid Performer,25,4
ceead37c-9321-43f9-8332-3c0ff64f1970,Jessica Travis,Rockets,SF,25.4649422289403,7.887736298303729,10.127206155900076,0.5631617791864694,0.49004220405437315,Solid Performer,19,15
a4471f5e-e726-4aa4-88d0-4433c5bfe40f,Kathryn Porter,Heat,SG,27.86379151798902,8.166038619891147,5.770515661368967,0.5363403392223794,0.4306651356834485,Emerging Talent,36,7
10bbba38-45f0-48d7-89dd-0c4313d86672,Jeff Lindsey,Raptors,C,14.917865977237561,7.838662252271188,6.064161764609814,0.5990003420336766,0.5142064576458435,Role Player,30,2
0f6d93db-cfed-4c3e-bdcd-8a5189eb20e0,Mark Jones,Heat,PG,13.111399198675231,6.687910396652187,6.9059597310664955,0.4710080154624414,0.39432245780094854,Solid Performer,33,2
0a3d9b7d-1ae6-47a7-b652-eaf7db528a84,Craig Hayes,Spurs,C,27.25744714752352,12.444732998708378,10.902882704264002,0.5434551171182582,0.5110772693688611,Solid Performer,31,20
8275cba7-c927-480a-beb4-899bc78f7a78,Daniel Villanueva,Heat,SF,0.0,5.263229382937823,5.13101435781622,0.4318434613947038,0.35364992263131634,Emerging Talent,19,10
b430c243-91ef-45f0-ab4d-277e8d5cfbc2,Stacey Edwards,Warriors,C,37.69735484780669,19.981284878057405,12.933368014098367,0.6627364985768964,0.5291885095609211,Solid Performer,30,2
e3244c1c-e22a-4c21-8f34-69ba33c25c1d,David Smith,Heat,PG,8.323142142119556,12.282515711843697,3.6639784226155325,0.4778578473226949,0.38642345870781447,Emerging Talent,37,12
6d7661ee-39e0-4afa-8a51-6ae7a9328ace,Keith Grant,Raptors,PG,23.9112796658783,5.350064146658913,5.5636246959643,0.48951083292328446,0.37795979441283123,Solid Performer,28,10
74698ff5-9991-4911-9d05-e62a8880b1fd,Christopher Taylor,Bulls,SF,8.697125105705085,2.653247871921793,1.1680816766311461,0.4106967416360348,0.33716097945689755,Star Player,21,16
90a4ff21-b5ba-423f-a858-a296b14a72bf,William Fletcher,Celtics,C,3.7530760781379886,0.0,0.0,0.3433437810559025,0.2344848344850881,Solid Performer,30,11
0faf909f-26be-44a1-ae8d-18850a864c21,Debra Peterson,Warriors,SG,24.893997334307528,2.9703551431586686,6.506750199971556,0.5287147951305853,0.44534425257092736,Emerging Talent,27,6
6f65e5a9-9130-4620-a381-f5c29f8a7e5c,Miss Heather Franco,Warriors,C,13.372119623682797,7.108821334188591,4.260734799343778,0.5428398055957409,0.4217458957972077,Emerging Talent,39,2
